1	Ode	1400	Fl3win.txt	ode
2	ode	1400	Fl3win.txt	ode
3	ode	1400	Fl3win.txt	ode
4	ode	1400	Fl3win.txt	ode
5	ode	1400	Fl3win.txt	ode
6	ode	1400	Fl3win.txt	ode
7	ode	1400	Fl3win.txt	ode
8	ode	1400	Fl3win.txt	ode
9	Ode	1400	Fl3win.txt	ode
10	ode	1400	Fl3win.txt	ode
11	ode	1400	Fl3win.txt	ode
12	ode	1400	Fl3win.txt	ode
13	ode	1400	Fl3win.txt	ode
14	ode	1400	Fl3win.txt	ode
15	ode	1400	Fl3win.txt	ode
16	ode	1400	Fl3win.txt	ode
17	ode	1400	Fl3win.txt	ode
18	ode	1400	Fl3win.txt	ode
19	Ode	1400	Fl3win.txt	ode
20	ode	1400	Fl3win.txt	ode
21	ode	1400	Fl3win.txt	ode
22	ode	1400	Fl3win.txt	ode
23	ode	1400	Fl3win.txt	ode
24	ode	1400	Fl3win.txt	ode
25	ode	1400	Fl3win.txt	ode
26	ode	1400	Fl3win.txt	ode
27	ode	1449	Sul3w.txt	ode
28	ode	1449	Sul3w.txt	ode
29	ode	1449	Sul3w.txt	ode
30	ode	1449	Sul3w.txt	ode
31	ode	1449	Sul3w.txt	ode
32	ode	1449	Sul3w.txt	ode
33	ode	1449	Sul3w.txt	ode
34	ode	1455	BZ3w.txt	ode
35	ode	1455	BZ3w.txt	ode
36	ode	1455	BZ3w.txt	ode
37	ode	1455	BZ3w.txt	ode
38	ode	1455	BZ3w.txt	ode
39	ode	1455	BZ3w.txt	ode
40	ode	1455	BZ3w.txt	ode
41	ode	1455	BZ3w.txt	ode
42	ode	1455	BZ3w.txt	ode
43	ode	1455	BZ3w.txt	ode
44	ode	1455	BZ3w.txt	ode
45	ode	1455	BZ3w.txt	ode
46	ode	1455	BZ3w.txt	ode
47	ode	1455	BZ3w.txt	ode
48	ode	1455	BZ3w.txt	ode
49	ode	1455	BZ3w.txt	ode
50	ode	1455	BZ3w.txt	ode
51	ode	1455	BZ3w.txt	ode
52	ode	1455	BZ3w.txt	ode
53	ode	1455	BZ3w.txt	ode
54	ode	1455	BZ3w.txt	ode
55	ode	1455	BZ3w.txt	ode
56	ode	1455	BZ3w.txt	ode
57	ode	1455	BZ3w.txt	ode
58	ode	1455	BZ3w.txt	ode
59	ode	1455	BZ3w.txt	ode
60	ode	1455	BZ3w.txt	ode
61	ode	1455	BZ3w.txt	ode
62	ode	1455	BZ3w.txt	ode
63	ode	1455	BZ3w.txt	ode
64	ode	1455	BZ3w.txt	ode
65	ode	1455	BZ3w.txt	ode
66	ode	1455	BZ3w.txt	ode
67	ode	1455	BZ3w.txt	ode
68	ode	1455	BZ3w.txt	ode
69	ode	1455	BZ3w.txt	ode
70	ode	1455	BZ3w.txt	ode
71	ode	1455	BZ3w.txt	ode
72	ode	1455	BZ3w.txt	ode
73	ode	1455	BZ3w.txt	ode
74	ode	1455	BZ3w.txt	ode
75	ode	1455	BZ3w.txt	ode
76	ode	1455	BZ3w.txt	ode
77	ode	1455	BZ3w.txt	ode
78	ode	1455	BZ3w.txt	ode
79	ode	1455	BZ3w.txt	ode
80	ode	1455	BZ3w.txt	ode
81	ode	1455	BZ3w.txt	ode
82	ode	1455	BZ3w.txt	ode
83	ode	1455	BZ3w.txt	ode
84	ode	1455	BZ3w.txt	ode
85	ode	1455	BZ3w.txt	ode
86	ode	1455	BZ3w.txt	ode
87	ode	1455	BZ3w.txt	ode
88	ode	1455	BZ3w.txt	ode
89	ode	1455	BZ3w.txt	ode
90	ode	1455	BZ3w.txt	ode
91	ode	1455	BZ3w.txt	ode
92	ode	1455	BZ3w.txt	ode
93	ode	1455	BZ3w.txt	ode
94	ode	1455	BZ3w.txt	ode
95	ode	1455	BZ3w.txt	ode
96	ode	1455	BZ3w.txt	ode
97	ode	1455	BZ3w.txt	ode
98	ode	1455	OrtMac3w.txt	ode
99	ode	1455	OrtMac3w.txt	ode
100	ode	1455	OrtMac3w.txt	ode
101	ode	1460	OrtOssol3w.txt	ode
102	ode	1460	OrtOssol3w.txt	ode
103	ode	1460	OrtOssol3w.txt	ode
104	ode	1460	OrtOssol3w.txt	ode
105	ode	1460	Pul3w.txt	ode
106	ode	1460	Pul3w.txt	ode
107	ode	1460	Pul3w.txt	ode
108	ode	1460	Pul3w.txt	ode
109	ode	1460	Pul3w.txt	ode
110	ode	1460	Pul3w.txt	ode
111	ode	1460	Pul3w.txt	ode
112	ode	1460	Pul3w.txt	ode
113	ode	1460	Pul3w.txt	ode
114	ode	1460	Pul3w.txt	ode
115	ode	1460	Pul3w.txt	ode
116	ode	1460	Pul3w.txt	ode
117	ode	1460	Pul3w.txt	ode
118	ode	1460	Pul3w.txt	ode
119	ode	1460	Pul3w.txt	ode
120	ode	1460	Pul3w.txt	ode
121	ode	1460	Pul3w.txt	ode
122	ode	1460	Pul3w.txt	ode
123	ode	1460	Pul3w.txt	ode
124	Ode	1460	Pul3w.txt	ode
125	ode	1460	Pul3w.txt	ode
126	ode	1460	Pul3w.txt	ode
127	ode	1460	Pul3w.txt	ode
128	ode	1460	Pul3w.txt	ode
129	ode	1460	Pul3w.txt	ode
130	ode	1460	Pul3w.txt	ode
131	ode	1460	Pul3w.txt	ode
132	ode	1460	Pul3w.txt	ode
133	ode	1460	Pul3w.txt	ode
134	ode	1460	Pul3w.txt	ode
135	ode	1460	Pul3w.txt	ode
136	ode	1460	Pul3w.txt	ode
137	ode	1460	Pul3w.txt	ode
138	ode	1460	Pul3w.txt	ode
139	ode	1460	Pul3w.txt	ode
140	ode	1460	Pul3w.txt	ode
141	ode	1460	Pul3w.txt	ode
142	ode	1460	Pul3w.txt	ode
143	ode	1460	Pul3w.txt	ode
144	ode	1460	Pul3w.txt	ode
145	Ode	1460	Pul3w.txt	ode
146	ode	1460	Pul3w.txt	ode
147	ode	1460	Pul3w.txt	ode
148	ode	1460	Pul3w.txt	ode
149	ode	1460	Pul3w.txt	ode
150	ode	1460	Pul3w.txt	ode
151	ode	1465	dzial3w.txt	ode
152	ode	1475	piesni3w.txt	ode
153	ode	1475	piesni3w.txt	ode
154	ode	1475	piesni3w.txt	ode
155	ode	1475	piesni3w.txt	ode
156	ode	1475	piesni3w.txt	ode
157	ode	1475	piesni3w.txt	ode
158	ode	1475	piesni3w.txt	ode
159	ode	1475	piesni3w.txt	ode
160	ode	1475	piesni3w.txt	ode
161	ode	1475	piesni3w.txt	ode
162	ode	1475	piesni3w.txt	ode
163	ode	1482	MW3w.txt	ode
164	ode	1482	MW3w.txt	ode
165	ode	1482	MW3w.txt	ode
166	ode	1482	MW3w.txt	ode
167	ode	1482	MW3w.txt	ode
168	ode	1482	MW3w.txt	ode
169	ode	1482	MW3w.txt	ode
170	ode	1482	MW3w.txt	ode
171	ode	1482	MW3w.txt	ode
172	ode	1482	MW3w.txt	ode
173	ode	1482	MW3w.txt	ode
174	ode	1482	MW3w.txt	ode
175	ode	1482	MW3w.txt	ode
176	ode	1482	MW3w.txt	ode
177	ode	1482	MW3w.txt	ode
178	ode	1482	MW3w.txt	ode
179	ode	1490	EwZam3w.txt	ode
180	ode	1490	EwZam3w.txt	ode
181	ode	1490	Naw3w.txt	ode
182	ode	1490	Naw3w.txt	ode
183	ode	1490	Naw3w.txt	ode
184	ode	1490	Naw3w.txt	ode
185	ode	1490	Naw3w.txt	ode
186	ode	1490	Naw3w.txt	ode
187	ode	1490	Naw3w.txt	ode
188	ode	1490	Naw3w.txt	ode
189	ode	1490	Naw3w.txt	ode
190	ode	1510	Rozm2u.txt	ode
191	ode	1510	Rozm2u.txt	ode
192	ode	1510	Rozm2u.txt	ode
193	ode	1510	Rozm2u.txt	ode
194	ode	1510	Rozm2u.txt	ode
195	ode	1510	Rozm2u.txt	ode
196	ode	1510	Rozm2u.txt	ode
197	ode	1510	Rozm2u.txt	ode
198	ode	1510	Rozm2u.txt	ode
199	ode	1510	Rozm2u.txt	ode
200	ode	1510	Rozm2u.txt	ode
201	ode	1510	Rozm2u.txt	ode
202	ode	1510	Rozm2u.txt	ode
203	ode	1510	Rozm2u.txt	ode
204	ode	1510	Rozm2u.txt	ode
205	ode	1510	Rozm2u.txt	ode
206	ode	1510	Rozm2u.txt	ode
207	ode	1510	Rozm2u.txt	ode
208	ode	1510	Rozm2u.txt	ode
209	ode	1510	Rozm2u.txt	ode
210	ode	1510	Rozm2u.txt	ode
211	ode	1510	Rozm2u.txt	ode
212	ode	1510	Rozm2u.txt	ode
213	ode	1510	Rozm2u.txt	ode
214	ode	1510	Rozm2u.txt	ode
215	ode	1510	Rozm2u.txt	ode
216	ode	1510	Rozm2u.txt	ode
217	ode	1510	Rozm2u.txt	ode
218	ode	1510	Rozm2u.txt	ode
219	ode	1510	Rozm2u.txt	ode
220	ode	1510	Rozm2u.txt	ode
221	ode	1510	Rozm2u.txt	ode
222	ode	1510	Rozm2u.txt	ode
223	ode	1510	Rozm2u.txt	ode
224	ode	1510	Rozm2u.txt	ode
225	ode	1510	Rozm2u.txt	ode
226	ode	1510	Rozm2u.txt	ode
227	ode	1510	Rozm2u.txt	ode
228	ode	1510	Rozm2u.txt	ode
229	ode	1510	Rozm2u.txt	ode
230	ode	1510	Rozm2u.txt	ode
231	ode	1510	Rozm2u.txt	ode
232	ode	1510	Rozm2u.txt	ode
233	ode	1510	Rozm2u.txt	ode
234	ode	1510	Rozm2u.txt	ode
235	Ode	1510	Rozm2u.txt	ode
236	ode	1521	KoszyczekMarcholt.txt	ode
237	ode	1521	KoszyczekMarcholt.txt	ode
238	ode	1528	WrobelZoltarz.txt	ode
239	ode	1528	WrobelZoltarz.txt	ode
240	ode	1528	WrobelZoltarz.txt	ode
241	ode	1528	WrobelZoltarz.txt	ode
242	ode	1532	BartBydg.txt	ode
243	ode	1533	SpiczynskiModlitwa.txt	ode
244	ode	1533	SpiczynskiModlitwa.txt	ode
245	ode	1533	SpiczynskiModlitwa.txt	ode
246	ode	1535	BielskiZywoty.txt	ode
247	ode	1535	BielskiZywoty.txt	ode
248	ode	1535	BielskiZywoty.txt	ode
249	ode	1535	BielskiZywoty.txt	ode
250	ode	1540	JanPoncjan.txt	ode
251	ode	1540	JanPoncjan.txt	ode
252	ode	1544	LudWies.txt	ode
253	ode	1545	LaskiNapomnienie.txt	ode
254	ode	1558	WojciechRycerstwo.txt	ode
255	ode	1561	Leop1.txt	ode
256	ode	1561	Leop2.txt	ode
257	ode	1561	Leop3.txt	ode
258	ode	1561	Leop3.txt	ode
259	Ode	1561	Leop4.txt	ode
260	Ode	1561	Leop4.txt	ode
261	ode	1561	Leop4.txt	ode
262	ode	1561	Leop4.txt	ode
263	ode	1561	Leop4.txt	ode
264	ode	1563	OrzRozm.txt	ode
265	ode	1563	OrzRozm.txt	ode
266	ode	1563	OrzRozm.txt	ode
267	ode	1564	SienLek.txt	ode
268	ode	1564	SienLek.txt	ode
269	ode	1564	SienLek.txt	ode
270	ode	1567	BialKat.txt	ode
271	ode	1567	BialKat.txt	ode
272	ode	1567	BialKat.txt	ode
273	ode	1569	BielSpr.txt	ode
274	ode	1570	Postepek.txt	ode
275	ode	1570	Postepek.txt	ode
276	ode	1570	Postepek.txt	ode
277	ode	1570	WujJud.txt	ode
278	ode	1570	WujJud1.txt	ode
279	ode	1578	Oczko.txt	ode
280	ode	1583	NiemObr.txt	ode
281	ode	1583	NiemObr.txt	ode
282	ode	1583	NiemObr.txt	ode
283	ode	1584	KochFr.txt	ode
284	ode	1585	WisznTr.txt	ode
285	ode	1588	Calep.txt	ode
286	ode	1592	LatHar.txt	ode
287	ode	1592	LatHar.txt	ode
288	ode	1592	LatHar.txt	ode
289	Ode	1592	LatHar.txt	ode
290	ode	1592	LatHar.txt	ode
291	ode	1592	LatHar.txt	ode
292	ode	1592	LatHar.txt	ode
293	Ode	1592	LatHar.txt	ode
294	ode	1592	LatHar.txt	ode
295	ode	1592	LatHar.txt	ode
296	ode	1592	LatHar.txt	ode
297	ode	1595	PowodPr.txt	ode
298	ode	1597	CzahTr.txt	ode
299	ode	1597	CzahTr.txt	ode
300	ode	1603	WaezList.txt	ode
301	ode	1603	WaezList.txt	ode
302	ode	1605	MowaZamojCzII.txt	ode
303	ode	1606	LibResCzII.txt	ode
304	ode	1606	LibResCzII.txt	ode
305	ode	1606	MarszWojCzII.txt	ode
306	ode	1606	RokJakCzIII.txt	ode
307	ode	1606	Wolan.xml	ode
308	ode	1606	Wolan.xml	ode
309	ode	1606	ZebrzApolCzIII.txt	ode
310	ode	1608	VerdBlazSet.txt	ode
311	ode	1609	BotLeczRelI.txt	ode
312	ode	1609	BotLeczRelI.txt	ode
313	ode	1609	BotLeczRelII.txt	ode
314	ode	1609	MirJon.txt	ode
315	ode	1609	MirJon.txt	ode
316	ode	1610	BreyWargPereg.txt	ode
317	ode	1610	BreyWargPereg.txt	ode
318	ode	1610	JudCerem.txt	ode
319	ode	1610	JudCerem.txt	ode
320	ode	1610	RozAPam.txt	ode
321	ode	1612	MiasKZbior.txt	ode
322	ode	1612	MiasKZbior.txt	ode
323	ODE	1612	MiasKZbior.txt	ode
324	ode	1612	MiasKZbior.txt	ode
325	ode	1612	MiasKZbior.txt	ode
326	ode	1612	RozOff.xml	ode
327	ode	1612	RozOff.xml	ode
328	ode	1612	SkarMes.xml	ode
329	ode	1612	SkarMes.xml	ode
330	ode	1612	VolcDial.txt	ode
331	ode	1612	VolcDial.txt	ode
332	ode	1612	ZwierPrzyklad.txt	ode
333	ode	1612	ZwierPrzyklad.txt	ode
334	ode	1612	ZwierPrzyklad.txt	ode
335	ode	1612	ZwierPrzyklad.txt	ode
336	ode	1612	ZwierPrzyklad.txt	ode
337	ode	1612	ZwierPrzyklad.txt	ode
338	ode	1612	ZwierPrzyklad.txt	ode
339	ode	1612	ZwierPrzyklad.txt	ode
340	ode	1612	ZwierPrzyklad.txt	ode
341	ode	1612	ZwierPrzyklad.txt	ode
342	ode	1614	BudnyBPow.txt	ode
343	ode	1614	BudnyBPow.txt	ode
344	ode	1614	BudnyBPow.txt	ode
345	ode	1614	BudnyBPow.txt	ode
346	ode	1614	BudnyBPow.txt	ode
347	Ode	1614	BudnyBPow.txt	ode
348	ode	1614	BudnyBPow.txt	ode
349	Ode	1614	BudnyBPow.txt	ode
350	Ode	1614	BudnyBPow.txt	ode
351	Ode	1614	BudnyBPow.txt	ode
352	ode	1614	BudnyBPow.txt	ode
353	ode	1614	OstrorNauka.txt	ode
354	ode	1615	KunWOb.txt	ode
355	ode	1615	KunWOb.txt	ode
356	ode	1615	KunWOb.txt	ode
357	ode	1616	ZabPol.txt	ode
358	ode	1617	SykstCiepl.txt	ode
359	ode	1618	RysProv.txt	ode
360	ode	1619	ErZrzenAnKontr.txt	ode
361	ode	1619	ErZrzenAnKontr.txt	ode
362	ode	1619	RybMKat.txt	ode
363	ode	1619	RybMKat.txt	ode
364	Ode	1620	ArKochOrlCzI.txt	ode
365	ode	1620	ArKochOrlCzI.txt	ode
366	ode	1620	ArKochOrlCzI.txt	ode
367	ode	1620	ArKochOrlCzI.txt	ode
368	ode	1620	ArKochOrlCzI.txt	ode
369	ode	1620	ArKochOrlCzI.txt	ode
370	ode	1620	ArKochOrlCzI.txt	ode
371	ode	1620	ArKochOrlCzII.txt	ode
372	ode	1620	ArKochOrlCzII.txt	ode
373	Ode	1620	ArKochOrlCzII.txt	ode
374	Ode	1620	ArKochOrlCzII.txt	ode
375	Ode	1620	ArKochOrlCzII.txt	ode
376	ode	1620	ArKochOrlCzII.txt	ode
377	ode	1620	ArKochOrlCzII.txt	ode
378	ode	1620	ArKochOrlCzII.txt	ode
379	ode	1620	ArKochOrlCzII.txt	ode
380	ode	1620	ArKochOrlCzII.txt	ode
381	ode	1620	ArKochOrlCzII.txt	ode
382	ode	1620	ArKochOrlCzII.txt	ode
383	ode	1620	ArKochOrlCzII.txt	ode
384	ode	1620	ArKochOrlCzII.txt	ode
385	ode	1620	ArKochOrlCzII.txt	ode
386	ode	1620	ArKochOrlCzII.txt	ode
387	ode	1620	ArKochOrlCzIII.txt	ode
388	ode	1620	ArKochOrlCzIII.txt	ode
389	ode	1620	ArKochOrlCzIII.txt	ode
390	ode	1620	HabLisKontr.txt	ode
391	ode	1621	PosWol.txt	ode
392	ode	1622	SejmPiek.txt	ode
393	ode	1622	SejmPiek.txt	ode
394	ode	1622	SejmPiek.txt	ode
395	ode	1623	BirkOboz.txt	ode
396	ode	1623	BirkOboz.txt	ode
397	ode	1623	ChadzJRelKontr.txt	ode
398	ode	1623	DembPrzew.txt	ode
399	ode	1623	ZimBLutKontr.txt	ode
400	Ode	1623	ZimBLutKontr.txt	ode
401	ode	1624	BirkBaszaKoniec.txt	ode
402	ode	1624	TajRadKontr.txt	ode
403	ode	1625	PaszkMrTrybKontr.txt	ode
404	ode	1626	DiarKwarKoniec.txt	ode
405	ode	1626	DiarKwarKoniec.txt	ode
406	ode	1627	KoniecSSud.txt	ode
407	ode	1627	LancCedKoniec.txt	ode
408	ode	1627	PetNadolKoniec.txt	ode
409	ode	1628	ManifKoniec.txt	ode
410	ode	1630	ChelHGwar.txt	ode
411	Ode	1630	ChelHGwar.txt	ode
412	ode	1630	ChelHGwar.txt	ode
413	Ode	1631	ZabSymf.txt	ode
414	ode	1632	BG_Dz.txt	ode
415	ode	1632	BG_Dz.txt	ode
416	ode	1632	BG_Lb.txt	ode
417	ode	1632	BG_Lb.txt	ode
418	ode	1632	BG_Lb.txt	ode
419	ode	1632	BG_Mt.txt	ode
420	ode	1632	BG_Mt.txt	ode
421	ode	1632	BG_Mt.txt	ode
422	ode	1632	BG_Mt.txt	ode
423	ode	1632	BG_Mt.txt	ode
424	ode	1632	BG_Mt.txt	ode
425	ode	1632	BG_Mt.txt	ode
426	ode	1632	BG_Mt.txt	ode
427	ode	1632	BG_Mt.txt	ode
428	ode	1632	BG_Ps.txt	ode
429	ode	1632	BG_Ps.txt	ode
430	ode	1632	BG_Ps.txt	ode
431	ode	1632	BG_Ps.txt	ode
432	ode	1632	BG_Ps.txt	ode
433	ode	1632	BG_Ps.txt	ode
434	ode	1632	BG_Ps.txt	ode
435	ode	1632	BG_Ps.txt	ode
436	ode	1632	BG_Ps.txt	ode
437	ode	1632	BG_Wj.txt	ode
438	ode	1632	BG_Wj.txt	ode
439	ode	1632	BG_Wj.txt	ode
440	ode	1632	BG_Wj.txt	ode
441	ode	1634	WieszczSielGur.txt	ode
442	ode	1635	KsZyt.txt	ode
443	ode	1635	KsZyt.txt	ode
444	ode	1635	KsZyt.txt	ode
445	ode	1635	KsZyt.txt	ode
446	ode	1635	KsZyt.txt	ode
447	ode	1635	PetrJWod.txt	ode
448	ode	1635	StanTrans.txt	ode
449	ode	1635	StanTrans.txt	ode
450	ode	1635	StanTrans.txt	ode
451	ode	1635	StanTrans.txt	ode
452	ode	1635	StanTrans.txt	ode
453	ode	1636	OvZebrMet.txt	ode
454	ode	1636	OvZebrMet.txt	ode
455	ode	1636	OvZebrMet.txt	ode
456	ode	1636	OvZebrMet.txt	ode
457	ode	1636	OvZebrMet.txt	ode
458	ode	1638	OvOtwWPrzem.txt	ode
459	ode	1638	OvOtwWPrzem.txt	ode
460	ode	1638	OvOtwWPrzem.txt	ode
461	ode	1638	OvOtwWPrzem.txt	ode
462	ode	1638	OvOtwWPrzem.txt	ode
463	ode	1638	VetIsland.txt	ode
464	ode	1638	VetIsland.txt	ode
465	ode	1643	UffDekArch.txt	ode
466	ode	1644	OkolNiebo.txt	ode
467	ode	1645	KorRoz.txt	ode
468	Ode	1645	KorRoz.txt	ode
469	ODE	1645	TwarSRytTur.txt	ode
470	Ode	1645	TwarSRytTur.txt	ode
471	ODE	1645	TwarSRytTur.txt	ode
472	Ode	1645	TwarSRytTur.txt	ode
473	ODE	1645	TwarSRytTur.txt	ode
474	Ode	1645	TwarSRytTur.txt	ode
475	ode	1647	GorAryt.txt	ode
476	ode	1649	StarKaz.txt	ode
477	Ode	1649	StarKaz.txt	ode
478	ode	1650	PruszczKlejn.txt	ode
479	ode	1650	PrzetockiSzkaplerzna.txt	ode
480	Ode	1651	AnzObjWas.txt	ode
481	ode	1651	AnzObjWas.txt	ode
482	ode	1651	AnzObjWas.txt	ode
483	ode	1651	DialChrysOkon.xml	ode
484	ode	1651	DialChrysOkon.xml	ode
485	ode	1651	KoniecZRod.txt	ode
486	ode	1652	AndPiekBoh.txt	ode
487	Ode	1652	WotSierpGeb.xml	ode
488	ode	1652	WotSierpGeb.xml	ode
489	ode	1653	PolPar.xml	ode
490	ode	1654	MorszAUtwKuk.xml	ode
491	ode	1654	MorszAUtwKuk.xml	ode
492	ode	1654	MorszAUtwKuk.xml	ode
493	Ode	1654	MorszAUtwKuk.xml	ode
494	ode	1654	MorszAUtwKuk.xml	ode
495	ode	1654	MorszAUtwKuk.xml	ode
496	ode	1654	MorszAUtwKuk.xml	ode
497	ode	1654	MorszAUtwKuk.xml	ode
498	ode	1654	MorszAUtwKuk.xml	ode
499	ode	1654	ZimSRoks.txt	ode
500	Ode	1654	ZimSRoks.txt	ode
501	Ode	1654	ZimSRoks.txt	ode
502	Ode	1654	ZimSRoks.txt	ode
503	Ode	1654	ZimSRoks.txt	ode
504	Ode	1654	ZimSRoks.txt	ode
505	Ode	1654	ZimSRoks.txt	ode
506	Ode	1654	ZimSRoks.txt	ode
507	Ode	1654	ZimSRoks.txt	ode
508	ode	1654	ZimSRoks.txt	ode
509	ode	1654	ZimSRoks.txt	ode
510	ode	1654	ZimSRoks.txt	ode
511	ode	1654	ZimSRoks.txt	ode
512	ode	1654	ZimSRoks.txt	ode
513	ode	1654	ZimSRoks.txt	ode
514	Ode	1654	ZimSRoks.txt	ode
515	Ode	1654	ZimSRoks.txt	ode
516	ode	1654	ZimSRoks.txt	ode
517	ode	1654	ZimSRoks.txt	ode
518	ode	1655	NeuPoj.txt	ode
519	ode	1655	NeuPoj.txt	ode
520	ode	1656	DialSwietOkon.xml	ode
521	ode	1656	DialSwietOkon.xml	ode
522	ode	1656	DialSwietOkon.xml	ode
523	Ode	1656	DialSwietOkon.xml	ode
524	ode	1661	DialPanOkon.xml	ode
525	ode	1661	DialPanOkon.xml	ode
526	ode	1661	DialPanOkon.xml	ode
527	ode	1661	MerkPol.xml	ode
528	ode	1661	MerkPol.xml	ode
529	Ode	1661	MerkPol.xml	ode
530	ODE	1661	TwarSRytTur.xml	ode
531	Ode	1661	TwarSRytTur.xml	ode
532	ODE	1661	TwarSRytTur.xml	ode
533	Ode	1661	TwarSRytTur.xml	ode
534	ODE	1661	TwarSRytTur.xml	ode
535	Ode	1661	TwarSRytTur.xml	ode
536	ode	1661	WolskiPiasek.txt	ode
537	ode	1665	DruzbDroga.txt	ode
538	ode	1665	DruzbDroga.txt	ode
539	ode	1665	DruzbDroga.txt	ode
540	ode	1665	DruzbDroga.txt	ode
541	ode	1665	DruzbDroga.txt	ode
542	ode	1665	DruzbDroga.txt	ode
543	ode	1665	DruzbDroga.txt	ode
544	ode	1665	DruzbDroga.txt	ode
545	ode	1665	DruzbDroga.txt	ode
546	ode	1665	DruzbDroga.txt	ode
547	ode	1665	DruzbDroga.txt	ode
548	ode	1665	DruzbDroga.txt	ode
549	ode	1665	DruzbDroga.txt	ode
550	ode	1665	DruzbDroga.txt	ode
551	ode	1665	DruzbDroga.txt	ode
552	ode	1665	DruzbDroga.txt	ode
553	ode	1665	DruzbDroga.txt	ode
554	ode	1665	DruzbDroga.txt	ode
555	ode	1665	DruzbDroga.txt	ode
556	ode	1665	DruzbDroga.txt	ode
557	ode	1665	DruzbDroga.txt	ode
558	ode	1665	DruzbDroga.txt	ode
559	ode	1665	DruzbDroga.txt	ode
560	ode	1665	DruzbDroga.txt	ode
561	ode	1665	DruzbDroga.txt	ode
562	ode	1665	DruzbDroga.txt	ode
563	ode	1665	SobJListy.xml	ode
564	ode	1665	SobJListy.xml	ode
565	ode	1665	SobJListy.xml	ode
566	ode	1665	SobJListy.xml	ode
567	ode	1665	SobJListy.xml	ode
568	Ode	1665	SobJListy.xml	ode
569	ode	1665	SobJListy.xml	ode
570	ode	1665	SobJListy.xml	ode
571	ode	1665	SobJListy.xml	ode
572	ode	1665	SobJListy.xml	ode
573	ode	1665	SobJListy.xml	ode
574	ode	1665	SobJListy.xml	ode
575	ode	1665	SobJListy.xml	ode
576	ode	1665	SobJListy.xml	ode
577	ode	1665	SobJListy.xml	ode
578	ode	1665	SobJListy.xml	ode
579	ode	1665	SobJListy.xml	ode
580	ode	1665	SobJListy.xml	ode
581	ode	1665	SobJListy.xml	ode
582	ode	1665	SobJListy.xml	ode
583	ode	1665	SobJListy.xml	ode
584	ode	1665	SobJListy.xml	ode
585	ode	1665	SobJListy.xml	ode
586	ode	1665	SobJListy.xml	ode
587	ode	1665	SobJListy.xml	ode
588	ode	1665	SobJListy.xml	ode
589	ode	1665	SobJListy.xml	ode
590	ode	1665	SobJListy.xml	ode
591	ode	1665	SobJListy.xml	ode
592	ode	1665	SobJListy.xml	ode
593	ode	1665	SobJListy.xml	ode
594	ode	1665	SobJListy.xml	ode
595	ode	1665	SobJListy.xml	ode
596	ode	1665	SobJListy.xml	ode
597	ode	1665	SobJListy.xml	ode
598	ode	1665	SobJListy.xml	ode
599	ode	1665	SobJListy.xml	ode
600	ode	1665	SobJListy.xml	ode
601	ode	1665	SobJListy.xml	ode
602	ode	1665	SobJListy.xml	ode
603	ode	1665	SobJListy.xml	ode
604	ode	1665	SobJListy.xml	ode
605	ode	1665	SobJListy.xml	ode
606	ode	1665	SobJListy.xml	ode
607	ode	1665	SobJListy.xml	ode
608	Ode	1665	SobJListy.xml	ode
609	ode	1666	LubJMan.txt	ode
610	ode	1666	OpisUtar.txt	ode
611	ode	1666	OpisUtar.txt	ode
612	ode	1666	PersOb.txt	ode
613	ode	1666	PersOb.txt	ode
614	ode	1666	PersOb.txt	ode
615	ode	1669	PotFrasz4Kuk_I.xml	ode
616	ode	1669	PotFrasz4Kuk_I.xml	ode
617	ode	1669	PotFrasz4Kuk_I.xml	ode
618	ode	1669	PotFrasz4Kuk_I.xml	ode
619	ode	1669	PotFrasz4Kuk_I.xml	ode
620	ode	1669	PotFrasz4Kuk_I.xml	ode
621	ode	1669	PotFrasz4Kuk_I.xml	ode
622	ode	1669	PotFrasz4Kuk_I.xml	ode
623	ode	1669	PotFrasz4Kuk_I.xml	ode
624	ode	1670	BolesEcho.txt	ode
625	ode	1670	BolesEcho.txt	ode
626	ode	1670	BolesEcho.txt	ode
627	ode	1670	BolesEcho.txt	ode
628	ode	1670	BolesEcho.txt	ode
629	ode	1670	PotWoj.txt	ode
630	ode	1670	PotWoj.txt	ode
631	ode	1670	PotWoj.txt	ode
632	ode	1670	PotWoj.txt	ode
633	ode	1670	PotWoj.txt	ode
634	ode	1670	PotWoj.txt	ode
635	ode	1670	PotWoj.txt	ode
636	ode	1670	PotWoj.txt	ode
637	ode	1672	KoniecSListy.txt	ode
638	ode	1672	KoniecSListy.txt	ode
639	ode	1672	KoniecSListy.txt	ode
640	ode	1672	KoniecSListy.txt	ode
641	ode	1672	MakSRelBar_II.xml	ode
642	ode	1673	HugLacPrag.xml	ode
643	ode	1675	FredKon.txt	ode
644	ode	1675	HaurEk.txt	ode
645	ode	1675	MorszZWierszeWir_I.txt	ode
646	Ode	1675	ZbierDruzBar_II.xml	ode
647	ode	1676	PotZmartKuk_I.xml	ode
648	Ode	1677	BillTDiar.txt	ode
649	ode	1677	BillTDiar.txt	ode
650	Ode	1677	BillTDiar.txt	ode
651	ode	1677	BillTDiar.txt	ode
652	ode	1677	BillTDiar.txt	ode
653	ode	1677	BillTDiar.txt	ode
654	Ode	1677	BillTDiar.txt	ode
655	ode	1677	BillTDiar.txt	ode
656	ode	1677	CzartListy.txt	ode
657	ode	1677	PotFrasz1Kuk_II.xml	ode
658	ode	1677	PotFrasz1Kuk_II.xml	ode
659	ode	1677	PotFrasz1Kuk_II.xml	ode
660	ode	1677	PotFrasz1Kuk_II.xml	ode
661	ode	1677	PotFrasz1Kuk_II.xml	ode
662	ode	1677	PotFrasz2Kuk_II.xml	ode
663	ode	1677	PotFrasz2Kuk_II.xml	ode
664	ode	1677	PotFrasz2Kuk_II.xml	ode
665	ode	1677	PotFrasz2Kuk_II.xml	ode
666	ode	1677	PotFrasz3Kuk_II.xml	ode
667	ode	1677	PotNabKuk_I.xml	ode
668	ode	1677	PotZabKuk_II.xml	ode
669	Ode	1678	BillTDiar.xml	ode
670	ode	1678	BillTDiar.xml	ode
671	Ode	1678	BillTDiar.xml	ode
672	ode	1678	BillTDiar.xml	ode
673	ode	1678	BillTDiar.xml	ode
674	ode	1678	BillTDiar.xml	ode
675	Ode	1678	BillTDiar.xml	ode
676	ode	1678	BillTDiar.xml	ode
677	ode	1678	KsOw.txt	ode
678	ode	1678	KsOw.txt	ode
679	ode	1678	KsOw.txt	ode
680	ode	1678	KsOw.txt	ode
681	ode	1678	KsOw.txt	ode
682	ode	1678	KsOw.txt	ode
683	ode	1678	KsOw.txt	ode
684	ode	1678	KsOw.txt	ode
685	ode	1678	KsOw.txt	ode
686	ode	1678	KsOw.txt	ode
687	ode	1678	KsOw.txt	ode
688	ode	1678	KsOw.txt	ode
689	ode	1678	KsOw.txt	ode
690	ode	1678	KsOw.txt	ode
691	ode	1678	KsOw.txt	ode
692	ode	1678	RicKlokMon.txt	ode
693	ode	1678	RicKlokMon.txt	ode
694	ode	1678	RicKlokMon.txt	ode
695	ode	1678	RicKlokMon.txt	ode
696	ode	1678	RicKlokMon.txt	ode
697	ode	1679	GdacPan.txt	ode
698	ode	1680	GorzWol.txt	ode
699	ode	1680	GorzWol.txt	ode
700	ode	1680	InsGor.txt	ode
701	ode	1680	InsGor.txt	ode
702	ode	1680	MorszZEmbWyb.xml	ode
703	ode	1680	MorszZWybor.xml	ode
704	ode	1680	MorszZWybor.xml	ode
705	ode	1680	PotZacKuk_I.xml	ode
706	ode	1681	GawTarcz.xml	ode
707	ode	1681	GdacKon.txt	ode
708	ode	1681	KsZyw.xml	ode
709	ode	1681	NiewiesKom.txt	ode
710	ode	1681	NiewiesKom.txt	ode
711	ode	1681	NiewiesKom.txt	ode
712	Ode	1681	TwarSWoj.txt	ode
713	ode	1682	KoniecSTest.txt	ode
714	ode	1682	KoniecSTest.txt	ode
715	ode	1682	KoniecSTest.txt	ode
716	ode	1682	KoniecSTest.txt	ode
717	ode	1682	KoniecSTest.txt	ode
718	ode	1684	SolGeom_II.txt	ode
719	ode	1685	StanTrans.xml	ode
720	ode	1685	StanTrans.xml	ode
721	ode	1685	StanTrans.xml	ode
722	ode	1685	StanTrans.xml	ode
723	ode	1685	StanTrans.xml	ode
724	ode	1688	BujnDroga.txt	ode
725	ode	1688	BujnDroga.txt	ode
726	ode	1688	PasekPamietniki.txt	ode
727	ode	1688	PasekPamietniki.txt	ode
728	ode	1688	PasekPamietniki.txt	ode
729	ode	1688	PasekPamietniki.txt	ode
730	ode	1688	PasekPamietniki.txt	ode
731	ode	1688	PasekPamietniki.txt	ode
732	ode	1688	PasekPamietniki.txt	ode
733	ode	1688	PasekPamietniki.txt	ode
734	ode	1688	PasekPamietniki.txt	ode
735	ode	1688	PasekPamietniki.txt	ode
736	ode	1688	PasekPamietniki.txt	ode
737	ode	1688	PasekPamietniki.txt	ode
738	ode	1688	PasekPamietniki.txt	ode
739	ode	1688	PasekPamietniki.txt	ode
740	ode	1688	PasekPamietniki.txt	ode
741	ode	1688	PotMorKuk_III.xml	ode
742	ode	1688	PotMorKuk_III.xml	ode
743	ode	1688	PotMorKuk_III.xml	ode
744	ode	1688	PotMorKuk_III.xml	ode
745	ode	1688	PotMorKuk_III.xml	ode
746	Ode	1688	PotMorKuk_III.xml	ode
747	ode	1688	PotMorKuk_III.xml	ode
748	ode	1688	PotMorKuk_III.xml	ode
749	ode	1688	PotMorKuk_III.xml	ode
750	ode	1688	PotMorKuk_III.xml	ode
751	ode	1689	BotLeczRel_I.xml	ode
752	ode	1689	BotLeczRel_I.xml	ode
753	ode	1692	TylkRoz.txt	ode
754	ode	1692	TylkRoz.txt	ode
755	ode	1692	TylkRoz.txt	ode
756	ode	1692	TylkRoz.txt	ode
757	ode	1692	TylkRoz.txt	ode
758	Ode	1692	TylkRoz.txt	ode
759	Ode	1692	TylkRoz.txt	ode
760	ode	1692	TylkRoz.txt	ode
761	ode	1693	JemPam.xml	ode
762	ode	1693	JemPam.xml	ode
763	ode	1693	JemPam.xml	ode
764	ode	1693	JemPam.xml	ode
765	ode	1693	JemPam.xml	ode
766	ode	1693	JemPam.xml	ode
767	ode	1693	JemPam.xml	ode
768	ode	1693	JemPam.xml	ode
769	ode	1693	JemPam.xml	ode
770	ode	1693	JemPam.xml	ode
771	ode	1695	AndPiekBoh.xml	ode
772	ode	1695	AndPiekBoh.xml	ode
773	ode	1695	AndPiekBoh.xml	ode
774	ode	1695	AndPiekBoh.xml	ode
775	ode	1695	OvChrosRoz.txt	ode
776	ode	1696	SarPam.xml	ode
777	ode	1696	SarPam.xml	ode
778	ode	1696	SarPam.xml	ode
779	ode	1696	SarPam.xml	ode
780	ode	1696	SarPam.xml	ode
781	ode	1696	SarPam.xml	ode
782	ode	1696	SarPam.xml	ode
783	ode	1696	SarPam.xml	ode
784	ode	1696	SarPam.xml	ode
785	ode	1696	SarPam.xml	ode
786	ode	1696	SarPam.xml	ode
787	ode	1696	SarPam.xml	ode
788	ode	1696	SarPam.xml	ode
789	ode	1696	SarPam.xml	ode
790	ode	1696	SarPam.xml	ode
791	ode	1696	SarPam.xml	ode
792	ode	1696	SarPam.xml	ode
793	ode	1698	KorczWiz.txt	ode
794	ode	1698	KorczWiz.txt	ode
795	ode	1699	KorczFrasz.xml	ode
796	ode	1699	KorczFrasz.xml	ode
797	ode	1699	KsKasUll_2.xml	ode
798	Ode	1699	WadDanBar_II.xml	ode
799	Ode	1699	WadDanBar_II.xml	ode
800	Ode	1699	WadDanBar_II.xml	ode
801	Ode	1699	WadDanBar_II.xml	ode
802	Ode	1699	WadDanBar_II.xml	ode
803	Ode	1699	WadDanBar_II.xml	ode
804	Ode	1699	WadDanBar_II.xml	ode
805	Ode	1699	WadDanBar_II.xml	ode
806	Ode	1699	WadDanBar_II.xml	ode
807	Ode	1699	WadDanBar_II.xml	ode
808	Ode	1699	WadDanBar_II.xml	ode
809	Ode	1700	DialBozOkon.xml	ode
810	ode	1700	DialBozOkon.xml	ode
811	ode	1700	GorzWol.xml	ode
812	ode	1700	GorzWol.xml	ode
813	ode	1700	PasOkon.xml	ode
814	ode	1700	PasOkon.xml	ode
815	ode	1702	KoniecJATestRak.txt	ode
816	ode	1702	KoniecJATestRak.txt	ode
817	ode	1702	KoniecJATestRak.txt	ode
818	ode	1702	KoniecJATestRak.txt	ode
819	ode	1702	LubSPir.xml	ode
820	ode	1704	WegrzynowiczNarodzenie.txt	ode
821	ode	1705	SamTrakt.xml	ode
822	ode	1708	RybZRelRzecz.xml	ode
823	ode	1709	DialJezOkon.xml	ode
824	ode	1712	MurChwalPam.xml	ode
825	ode	1714	ZgubWolRzecz.xml	ode
826	ode	1714	ZgubWolRzecz.xml	ode
827	ode	1717	DyakDiar.xml	ode
828	ode	1717	ScudZawiszHist.xml	ode
829	ode	1717	ScudZawiszHist.xml	ode
830	ode	1717	ScudZawiszHist.xml	ode
831	ode	1717	ZawiszaPam.xml	ode
832	ode	1718	PoczKrol.xml	ode
833	ode	1718	PoczKrol.xml	ode
834	ode	1719	CompMed.xml	ode
835	ode	1719	CompMed.xml	ode
836	ode	1719	KoniecJATestKryl.txt	ode
837	ode	1719	KoniecJATestKryl.txt	ode
838	ode	1719	KoniecJATestKryl.txt	ode
839	ode	1719	KoniecJATestKryl.txt	ode
840	ode	1719	TrembWierszeWir_II.xml	ode
841	Ode	1719	ZierDruzWir_I.xml	ode
842	ode	1722	PrechDzialKaw.txt	ode
843	ode	1726	KronZakBaracz.txt	ode
844	ode	1727	RodLudzOkon.xml	ode
845	ode	1733	KonSRoz.txt	ode
846	Ode	1733	WojPacierzBar_II.xml	ode
847	ode	1736	93_GazPol.xml	ode
848	Ode	1741	DunKal.txt	ode
849	ode	1741	UrfeRubJanAwan.xml	ode
850	ode	1743	BystrzInfElem.txt	ode
851	ode	1743	InsGor_3.xml	ode
852	ode	1743	InsGor_3.xml	ode
853	ode	1744	DunCiek.txt	ode
854	ode	1746	ChmielAteny_II.txt	ode
855	ode	1746	ChmielAteny_II.txt	ode
856	ode	1747	InwChelm.xml	ode
857	ode	1747	InwChelm.xml	ode
858	ode	1747	InwChelm.xml	ode
859	ode	1747	InwChelm.xml	ode
860	ode	1747	InwChelm.xml	ode
861	ode	1747	InwChelm.xml	ode
862	ode	1747	InwChelm.xml	ode
863	ode	1747	InwChelm.xml	ode
864	ode	1748	ZamLaszGeb.xml	ode
865	ode	1749	BeimJelMed.txt	ode
866	ode	1752	Wilczek_lwow.txt	ode
867	ode	1754	GelPrzyp.xml	ode
868	ode	1754	GelPrzyp.xml	ode
869	ode	1754	GelPrzyp.xml	ode
870	ode	1754	GelPrzyp.xml	ode
871	ode	1754	GelPrzyp.xml	ode
872	ode	1754	GelPrzyp.xml	ode
873	ode	1754	GelPrzyp.xml	ode
874	ode	1754	GelPrzyp.xml	ode
875	ode	1754	GelPrzyp.xml	ode
876	ode	1754	GelPrzyp.xml	ode
877	ode	1754	GelPrzyp.xml	ode
878	ode	1754	GelPrzyp.xml	ode
879	ode	1756	ChmielAteny_IV.txt	ode
880	ode	1756	KronZakBaracz.xml	ode
881	ode	1756	RadziwHDiar.xml	ode
882	ode	1756	RadziwHDiar.xml	ode
883	ode	1756	RadziwHDiar.xml	ode
884	ode	1756	RadziwHDiar.xml	ode
885	ode	1756	RadziwHDiar.xml	ode
886	ode	1756	RadziwHDiar.xml	ode
887	ode	1756	RadziwHDiar.xml	ode
888	ode	1756	RadziwHDiar.xml	ode
889	ode	1756	RadziwHDiar.xml	ode
890	ode	1756	RadziwHDiar.xml	ode
891	ode	1756	RadziwHDiar.xml	ode
892	ode	1756	RadziwHDiar.xml	ode
893	ode	1756	RadziwHDiar.xml	ode
894	ode	1756	RadziwHDiar.xml	ode
895	ode	1756	RadziwHDiar.xml	ode
896	ode	1756	RadziwHDiar.xml	ode
897	ode	1756	RadziwHDiar.xml	ode
898	ode	1756	RadziwHDiar.xml	ode
899	ode	1756	RadziwHDiar.xml	ode
900	ode	1756	RadziwHDiar.xml	ode
901	ode	1756	RadziwHDiar.xml	ode
902	ode	1756	RadziwHDiar.xml	ode
903	ode	1756	RadziwHDiar.xml	ode
904	ode	1756	RadziwHDiar.xml	ode
905	ode	1756	RadziwHDiar.xml	ode
906	ode	1756	RadziwHDiar.xml	ode
907	ode	1756	RadziwHDiar.xml	ode
908	ode	1756	RadziwHDiar.xml	ode
909	ode	1756	RadziwHDiar.xml	ode
910	ode	1756	RadziwHDiar.xml	ode
911	ode	1756	RadziwHDiar.xml	ode
912	ode	1756	RadziwHDiar.xml	ode
913	ode	1756	RadziwHDiar.xml	ode
914	ode	1756	RadziwHDiar.xml	ode
915	ode	1756	RadziwHDiar.xml	ode
916	ode	1756	RadziwHDiar.xml	ode
917	ode	1756	RadziwHDiar.xml	ode
918	ode	1756	RadziwHDiar.xml	ode
919	ode	1756	RadziwHDiar.xml	ode
920	ode	1756	RadziwHDiar.xml	ode
921	ode	1756	RadziwHDiar.xml	ode
922	ode	1756	RadziwHDiar.xml	ode
923	ode	1756	RadziwHDiar.xml	ode
924	ode	1756	RadziwHDiar.xml	ode
925	ode	1756	RadziwHDiar.xml	ode
926	ode	1756	RadziwHDiar.xml	ode
927	ode	1762	KsKlim.xml	ode
928	ode	1763	KonSSpos.xml	ode
929	ode	1763	KonSSpos.xml	ode
930	ode	1763	KonSSpos.xml	ode
931	ode	1763	KonSSpos.xml	ode
932	ode	1763	KonSSpos.xml	ode
933	ode	1763	KonSSpos.xml	ode
934	ode	1763	KonSSpos.xml	ode
935	ode	1763	KonSSpos.xml	ode
936	ode	1763	KonSSpos.xml	ode
937	ode	1763	KonSSpos.xml	ode
938	ode	1763	KonSSpos.xml	ode
939	ode	1765	MatDiar.xml	ode
940	ode	1765	MatDiar.xml	ode
941	ode	1765	MatDiar.xml	ode
942	ode	1765	MatDiar.xml	ode
943	ode	1765	MatDiar.xml	ode
944	ode	1765	MatDiar.xml	ode
945	ode	1765	MatDiar.xml	ode
946	ode	1765	MatDiar.xml	ode
947	ode	1765	MatDiar.xml	ode
948	ode	1765	MatDiar.xml	ode
949	ode	1765	MatDiar.xml	ode
950	ode	1765	MatDiar.xml	ode
951	ode	1765	MatDiar.xml	ode
952	ode	1765	MatDiar.xml	ode
953	ode	1765	MatDiar.xml	ode
954	ode	1765	MatDiar.xml	ode
955	ode	1765	MatDiar.xml	ode
956	ode	1765	MatDiar.xml	ode
957	ode	1765	MatDiar.xml	ode
958	ode	1765	MatDiar.xml	ode
959	ode	1765	MatDiar.xml	ode
960	ode	1765	MatDiar.xml	ode
961	ode	1765	MatDiar.xml	ode
962	ode	1765	MatDiar.xml	ode
963	ode	1765	MatDiar.xml	ode
964	ode	1765	MatDiar.xml	ode
965	ode	1765	MatDiar.xml	ode
966	ode	1765	MatDiar.xml	ode
967	ode	1765	MatDiar.xml	ode
968	ode	1765	MatDiar.xml	ode
969	ode	1765	MatDiar.xml	ode
970	ode	1765	MatDiar.xml	ode
971	ode	1765	MatDiar.xml	ode
972	ode	1765	MatDiar.xml	ode
973	ode	1765	MatDiar.xml	ode
974	ode	1765	MatDiar.xml	ode
975	ode	1765	MatDiar.xml	ode
976	ode	1765	MatDiar.xml	ode
977	ode	1765	MatDiar.xml	ode
978	ode	1765	MatDiar.xml	ode
979	ode	1765	MatDiar.xml	ode
980	ode	1765	MatDiar.xml	ode
981	ode	1765	MatDiar.xml	ode
982	ode	1765	MatDiar.xml	ode
983	ode	1765	MatDiar.xml	ode
984	ode	1765	MatDiar.xml	ode
985	ode	1765	MatDiar.xml	ode
986	ode	1765	MatDiar.xml	ode
987	ode	1765	MatDiar.xml	ode
988	ode	1765	MatDiar.xml	ode
989	ode	1765	MatDiar.xml	ode
990	ode	1765	MatDiar.xml	ode
991	ode	1765	MatDiar.xml	ode
992	ode	1765	MatDiar.xml	ode
993	ode	1765	MatDiar.xml	ode
994	ode	1765	MatDiar.xml	ode
995	ode	1769	KryszStat.xml	ode
996	Ode	1769	KryszStat.xml	ode
997	ode	1771	16_GazWil.xml	ode
998	ode	1771	WolfTrakt.txt	ode
999	ode	1771	WolfTrakt.txt	ode
1000	Ode	1772	Monitor.xml	ode
1001	ode	1775	InwKal_II.xml	ode
1002	ode	1775	InwKal_II.xml	ode
1003	ode	1775	InwKal_II.xml	ode
1004	ode	1775	InwKal_II.xml	ode
1005	ode	1775	InwKal_II.xml	ode
1006	ode	1775	InwKal_II.xml	ode
1007	Ode	1775	InwKal_II.xml	ode
1008	ode	1775	InwKal_II.xml	ode
1009	ode	1775	InwKal_II.xml	ode
1010	ode	1775	InwKal_II.xml	ode
1011	ode	1775	InwKal_II.xml	ode
1012	ode	1775	InwKal_II.xml	ode
1013	ode	1775	InwKal_II.xml	ode
1014	ode	1775	InwKal_II.xml	ode
1015	ode	1775	InwKal_II.xml	ode
1016	Ode	1775	InwKal_II.xml	ode
1017	ode	1775	InwKal_II.xml	ode
1018	ode	1775	InwKal_II.xml	ode
1019	ode	1775	InwKal_II.xml	ode
1020	Ode	1775	InwKal_II.xml	ode
1021	ode	1775	InwKal_II.xml	ode
1022	ode	1775	InwKal_II.xml	ode
1023	ode	1775	InwKal_II.xml	ode
1024	ode	1775	InwKal_II.xml	ode
1025	ode	1775	InwKal_II.xml	ode
1026	ode	1775	InwKal_II.xml	ode
1027	ode	1775	InwKal_II.xml	ode
1028	ode	1775	InwKal_II.xml	ode
1029	ode	1775	InwKal_II.xml	ode
1030	ode	1775	InwKal_II.xml	ode
1031	ode	1775	InwKal_II.xml	ode
1032	ode	1775	InwKal_II.xml	ode
1033	ode	1776	KrasickiPrzypadki.txt	ode
1034	ode	1776	KrasickiPrzypadki.txt	ode
1035	ode	1776	KrasickiPrzypadki.txt	ode
1036	ode	1776	KrasickiPrzypadki.txt	ode
1037	ode	1776	KrasickiPrzypadki.txt	ode
1038	ode	1776	KrasickiPrzypadki.txt	ode
1039	ode	1776	KrasickiPrzypadki.txt	ode
1040	ode	1776	KrasickiPrzypadki.txt	ode
1041	ode	1778	UstrzyckiAlgebra.txt	ode
1042	ode	1781	ZablockiFircyk.txt	ode
1043	ode	1785	KrajewskiWoyciechZdarzynski.txt	ode
1044	ode	1785	KrajewskiWoyciechZdarzynski.txt	ode
1045	ode	1785	KrajewskiWoyciechZdarzynski.txt	ode
1046	ode	1785	KrajewskiWoyciechZdarzynski.txt	ode
1047	ode	1785	KrajewskiWoyciechZdarzynski.txt	ode
1048	ode	1785	KrajewskiWoyciechZdarzynski.txt	ode
1049	ode	1785	KrajewskiWoyciechZdarzynski.txt	ode
1050	ode	1785	KrajewskiWoyciechZdarzynski.txt	ode
1051	ode	1785	KrajewskiWoyciechZdarzynski.txt	ode
1052	ode	1785	KrajewskiWoyciechZdarzynski.txt	ode
1053	ode	1788	GolanskiOWymowie.txt	ode
1054	ode	1790	NiemcewiczPowrotPosla.txt	ode
1055	ode	1790	StaszicPrzestrogi.txt	ode
1056	ode	1790	StaszicPrzestrogi.txt	ode
1057	ode	1790	StaszicPrzestrogi.txt	ode
1058	ode	1790	StaszicPrzestrogi.txt	ode
1059	ode	1791	NiemcewiczPowrot.txt	ode
1060	ode	1796	HoffmanDziennik.txt	ode
1061	ode	1796	HoffmanDziennik.txt	ode
1062	ode	1796	HoffmanDziennik.txt	ode
1063	ode	1796	HoffmanDziennik.txt	ode
1064	ode	1796	HoffmanDziennik.txt	ode
1065	ode	1796	HoffmanDziennik.txt	ode
1066	ode	1810	KopecDziennik.txt	ode
1067	ode	1810	KopecDziennik.txt	ode
1068	ode	1810	KopecDziennik.txt	ode
1069	ode	1810	KopecDziennik.txt	ode
1070	ode	1810	KopecDziennik.txt	ode
1071	ode	1812	WirtemberskaMalwina.txt	ode
1072	ode	1812	WirtemberskaMalwina.txt	ode
1073	ode	1812	WirtemberskaMalwina.txt	ode
1074	ode	1812	WirtemberskaMalwina.txt	ode
1075	ode	1812	WirtemberskaMalwina.txt	ode
1076	ode	1812	WirtemberskaMalwina.txt	ode
1077	ode	1816	NiemcewiczSpiewy.txt	ode
1078	ode	1818	LecDziPol8.txt	ode
1079	ode	1824	UrzadzeniePensyyISzkolWyzszychPlciZenskiey.txt	ode
1080	ode	1824	UrzadzeniePensyyISzkolWyzszychPlciZenskiey.txt	ode
1081	ode	1825	HoffmanowaDziennikFranciszkiKrasinskiej.txt	ode
1082	ode	1825	HoffmanowaDziennikFranciszkiKrasinskiej.txt	ode
1083	ode	1825	HoffmanowaDziennikFranciszkiKrasinskiej.txt	ode
1084	ode	1825	HoffmanowaDziennikFranciszkiKrasinskiej.txt	ode
1085	ode	1825	HoffmanowaDziennikFranciszkiKrasinskiej.txt	ode
1086	ode	1825	HoffmanowaDziennikFranciszkiKrasinskiej.txt	ode
1087	ode	1827	RozWar37.txt	ode
1088	ode	1827	RozWar37.txt	ode
1089	Ode	1828	GoszczynskiZamekKaniowski.txt	ode
1090	ode	1828	MickiewiczWallenrod.txt	ode
1091	ode	1834	MickiewiczPanTadeusz.txt	ode
1092	ode	1834	MickiewiczPanTadeusz.txt	ode
1093	ode	1834	MickiewiczPanTadeusz.txt	ode
1094	ode	1834	MickiewiczPanTadeusz.txt	ode
1095	ode	1834	MickiewiczPanTadeusz.txt	ode
1096	ode	1834	MickiewiczPanTadeusz.txt	ode
1097	ode	1834	MickiewiczPanTadeusz.txt	ode
1098	ode	1834	MickiewiczPanTadeusz.txt	ode
1099	ode	1835	5.2_sample.txt	ode
1100	ode	1835	KrasinskiNieBoskaKomedia.txt	ode
1101	ode	1835	KrasinskiNieBoskaKomedia.txt	ode
1102	ode	1835	KrasinskiNieBoskaKomedia.txt	ode
1103	ode	1835	KrasinskiNieBoskaKomedia.txt	ode
1104	ode	1835	KrasinskiNieBoskaKomedia.txt	ode
1105	ode	1835	KrasinskiNieBoskaKomedia.txt	ode
1106	ode	1839	RzewuskiPamiatki.txt	ode
1107	ode	1839	RzewuskiPamiatki.txt	ode
1108	ode	1839	RzewuskiPamiatki.txt	ode
1109	ode	1839	RzewuskiPamiatki.txt	ode
1110	ode	1839	RzewuskiPamiatki.txt	ode
1111	ode	1839	RzewuskiPamiatki.txt	ode
1112	ode	1839	RzewuskiPamiatki.txt	ode
1113	ode	1839	RzewuskiPamiatki.txt	ode
1114	ode	1839	RzewuskiPamiatki.txt	ode
1115	ode	1839	RzewuskiPamiatki.txt	ode
1116	Ode	1839	RzewuskiPamiatki.txt	ode
1117	ode	1839	RzewuskiPamiatki.txt	ode
1118	ode	1839	RzewuskiPamiatki.txt	ode
1119	ode	1839	RzewuskiPamiatki.txt	ode
1120	ode	1840	KrasinskiListy.txt	ode
1121	ode	1840	KrasinskiListy.txt	ode
1122	ode	1840	KrasinskiListy.txt	ode
1123	ode	1840	KrasinskiListy.txt	ode
1124	ode	1840	KrasinskiListy.txt	ode
1125	ode	1840	KrasinskiListy.txt	ode
1126	ode	1840	KrasinskiListy.txt	ode
1127	ode	1840	KrasinskiListy.txt	ode
1128	ode	1840	KrasinskiListy.txt	ode
1129	ode	1840	KrasinskiListy.txt	ode
1130	ode	1840	KrasinskiListy.txt	ode
1131	ode	1840	KrasinskiListy.txt	ode
1132	ode	1840	KrasinskiListy.txt	ode
1133	ode	1840	KrasinskiListy.txt	ode
1134	ode	1840	KrasinskiListy.txt	ode
1135	ode	1840	KrasinskiListy.txt	ode
1136	ode	1840	KrasinskiListy.txt	ode
1137	ode	1840	KrasinskiListy.txt	ode
1138	ode	1840	KrasinskiListy.txt	ode
1139	ode	1840	KrasinskiListy.txt	ode
1140	ode	1840	KrasinskiListy.txt	ode
1141	ode	1840	KrasinskiListy.txt	ode
1142	ode	1840	KrasinskiListy.txt	ode
1143	ode	1840	KrasinskiListy.txt	ode
1144	ode	1840	KrasinskiListy.txt	ode
1145	ode	1840	KrasinskiListy.txt	ode
1146	ode	1840	KrasinskiListy.txt	ode
1147	ode	1840	KrasinskiListy.txt	ode
1148	ode	1840	KrasinskiListy.txt	ode
1149	ode	1840	KrasinskiListy.txt	ode
1150	ode	1840	KrasinskiListy.txt	ode
1151	ode	1840	KrasinskiListy.txt	ode
1152	ode	1840	KrasinskiListy.txt	ode
1153	ode	1840	KrasinskiListy.txt	ode
1154	ode	1840	KrasinskiListy.txt	ode
1155	ode	1840	KrasinskiListy.txt	ode
1156	ode	1840	KrasinskiListy.txt	ode
1157	ode	1840	KrasinskiListy.txt	ode
1158	ode	1840	KrasinskiListy.txt	ode
1159	ode	1840	KrasinskiListy.txt	ode
1160	ode	1840	KrasinskiListy.txt	ode
1161	ode	1840	KrasinskiListy.txt	ode
1162	ode	1840	KrasinskiListy.txt	ode
1163	ode	1840	KrasinskiListy.txt	ode
1164	ode	1840	KrasinskiListy.txt	ode
1165	ode	1840	KrasinskiListy.txt	ode
1166	ode	1840	KrasinskiListy.txt	ode
1167	ode	1840	KrasinskiListy.txt	ode
1168	ode	1840	KrasinskiListy.txt	ode
1169	ode	1840	KrasinskiListy.txt	ode
1170	ode	1840	KrasinskiListy.txt	ode
1171	ode	1840	KrasinskiListy.txt	ode
1172	ode	1840	KrasinskiListy.txt	ode
1173	ode	1840	KrasinskiListy.txt	ode
1174	ode	1840	KrasinskiListy.txt	ode
1175	ode	1840	KrasinskiListy.txt	ode
1176	ode	1840	KrasinskiListy.txt	ode
1177	ode	1840	KrasinskiListy.txt	ode
1178	ode	1840	KrasinskiListy.txt	ode
1179	ode	1840	KrasinskiListy.txt	ode
1180	ode	1840	KrasinskiListy.txt	ode
1181	ode	1840	KrasinskiListy.txt	ode
1182	ode	1840	KrasinskiListy.txt	ode
1183	ode	1840	KrasinskiListy.txt	ode
1184	ode	1840	KrasinskiListy.txt	ode
1185	ode	1840	KrasinskiListy.txt	ode
1186	ode	1840	KrasinskiListy.txt	ode
1187	ode	1840	KrasinskiListy.txt	ode
1188	ode	1840	KrasinskiListy.txt	ode
1189	ode	1840	KrasinskiListy.txt	ode
1190	ode	1840	KrasinskiListy.txt	ode
1191	ode	1840	KrasinskiListy.txt	ode
1192	ode	1840	KrasinskiListy.txt	ode
1193	ode	1840	KrasinskiListy.txt	ode
1194	ode	1840	KrasinskiListy.txt	ode
1195	ode	1840	KrasinskiListy.txt	ode
1196	ode	1840	KrasinskiListy.txt	ode
1197	ode	1840	KrasinskiListy.txt	ode
1198	ode	1840	KrasinskiListy.txt	ode
1199	ode	1840	KrasinskiListy.txt	ode
1200	ode	1840	KrasinskiListy.txt	ode
1201	ode	1840	KrasinskiListy.txt	ode
1202	ode	1840	KrasinskiListy.txt	ode
1203	ode	1840	KrasinskiListy.txt	ode
1204	ode	1840	KrasinskiListy.txt	ode
1205	ode	1840	KrasinskiListy.txt	ode
1206	ode	1840	KrasinskiListy.txt	ode
1207	ode	1840	KrasinskiListy.txt	ode
1208	ode	1840	KrasinskiListy.txt	ode
1209	ode	1840	KrasinskiListy.txt	ode
1210	ode	1840	KrasinskiListy.txt	ode
1211	ode	1840	KrasinskiListy.txt	ode
1212	ode	1840	KrasinskiListy.txt	ode
1213	ode	1840	KrasinskiListy.txt	ode
1214	ode	1840	KrasinskiListy.txt	ode
1215	ode	1842	GoszczynskiKrolZamczyska.txt	ode
1216	ode	1842	GoszczynskiKrolZamczyska.txt	ode
1217	ode	1842	GoszczynskiKrolZamczyska.txt	ode
1218	ode	1846	ZmichowskaPoganka.txt	ode
1219	ode	1846	ZmichowskaPoganka.txt	ode
1220	ode	1846	ZmichowskaPoganka.txt	ode
1221	ode	1846	ZmichowskaPoganka.txt	ode
1222	ode	1846	ZmichowskaPoganka.txt	ode
1223	ode	1846	ZmichowskaPoganka.txt	ode
1224	ode	1846	ZmichowskaPoganka.txt	ode
1225	ode	1846	ZmichowskaPoganka.txt	ode
1226	ode	1846	ZmichowskaPoganka.txt	ode
1227	ode	1848	2.1_sample.txt	ode
1228	ode	1849	5.1_sample.txt	ode
1229	ode	1854	5.3_sample.txt	ode
1230	ode	1854	5.3_sample.txt	ode
1231	ode	1870	5.2_sample.txt	ode
1232	ode	1879	5.1_sample.txt	ode
1233	ode	1884	5.2_sample.txt	ode
1234	ode	1892	4.2_sample.txt	ode
1235	ode	1896	4.2_sample.txt	ode
1236	ode	1906	4.1_sample.txt	ode
1237	ode	1906	5.2_sample.txt	ode
1238	ode	1912	5.3_sample.txt	ode
1239	ode	1918	3.2_sample.txt	ode
1240	ode	1918	4.1_sample.txt	ode
1241	ode	1920	GrabinskiCzad.txt	ode
1242	ode	1920	GrabinskiPrzypadek.txt	ode
1243	ode	1920	GrabinskiSaturninSektor.txt	ode
1244	ode	1920	GrabinskiSaturninSektor.txt	ode
1245	ode	1921	WitkiewiczTumor.txt	ode
1246	ode	1922	KorczakKrolMacius.txt	ode
1247	ode	1922	KorczakKrolMacius.txt	ode
1248	ode	1924	KorczakBankructwo.txt	ode
1249	ode	1925	KorczakKiedyZnow.txt	ode
1250	ode	1925	KorczakKiedyZnow.txt	ode
1251	ode	1925	KorczakKiedyZnow.txt	ode
1252	ode	1930	BoyMarzenie.txt	ode
1253	ode	1930	GrabinskiNamietnosc.txt	ode
1254	ode	1930	GrabinskiNamietnosc.txt	ode
1255	ode	1930	GrabinskiNamietnosc.txt	ode
1256	ode	1932	BoyPiekloKobiet.txt	ode
1257	ode	1932	DolegaKariera.txt	ode
1258	ode	1932	DolegaKariera.txt	ode
1259	ode	1932	DolegaKariera.txt	ode
1260	ode	1932	DolegaKariera.txt	ode
1261	ode	1932	DolegaKariera.txt	ode
1262	ode	1932	DolegaKariera.txt	ode
1263	ode	1932	DolegaKariera.txt	ode
1264	ode	1932	DolegaKariera.txt	ode
1265	ode	1932	DolegaKariera.txt	ode
1266	ode	1932	DolegaKiwony.txt	ode
1267	ode	1932	DolegaKiwony.txt	ode
1268	ode	1932	DolegaKiwony.txt	ode
1269	ode	1932	DolegaKiwony.txt	ode
1270	ode	1932	DolegaKiwony.txt	ode
1271	ode	1934	KorczakKajtus.txt	ode
1272	ode	1934	KorczakKajtus.txt	ode
1273	ode	1936	DolegaDrugieZycieMurka.txt	ode
1274	ode	1936	DolegaDrugieZycieMurka.txt	ode
1275	ode	1936	DolegaDrugieZycieMurka.txt	ode
1276	ode	1936	DolegaDrugieZycieMurka.txt	ode
1277	ode	1936	DolegaDrugieZycieMurka.txt	ode
1278	ode	1936	DolegaDrugieZycieMurka.txt	ode
1279	ode	1936	DolegaDrugieZycieMurka.txt	ode
1280	ode	1936	DolegaDrugieZycieMurka.txt	ode
1281	ode	1936	DolegaDrugieZycieMurka.txt	ode
1282	ode	1936	DolegaDrugieZycieMurka.txt	ode
1283	ode	1939	KorczakPedagogikaZartobliwa.txt	ode
