1	okrom	1535	BielskiZywoty.txt	okrom
2	okrom	1535	GlaberGadki.txt	okrom
3	okrom	1535	GlaberGadki.txt	okrom
4	okrom	1535	GlaberGadki.txt	okrom
5	okrom	1558	GliczKsiaz.txt	okrom
6	okrom	1558	GliczKsiaz.txt	okrom
7	okrom	1558	GliczKsiaz.txt	okrom
8	okrom	1558	GliczKsiaz.txt	okrom
9	okrom	1558	GliczKsiaz.txt	okrom
10	okrom	1558	WojciechRycerstwo.txt	okrom
11	okrom	1558	WojciechRycerstwo.txt	okrom
12	okrom	1558	WojciechRycerstwo.txt	okrom
13	okrom	1558	WojciechRycerstwo.txt	okrom
14	okrom	1558	WojciechRycerstwo.txt	okrom
15	okrom	1558	WojciechRycerstwo.txt	okrom
16	okrom	1558	WojciechRycerstwo.txt	okrom
17	okrom	1558	WojciechRycerstwo.txt	okrom
18	Okrom	1561	Leop3.txt	okrom
19	okrom	1561	OrzList.txt	okrom
20	okrom	1561	UstPraw.txt	okrom
21	okrom	1561	UstPraw.txt	okrom
22	okrom	1561	UstPraw.txt	okrom
23	okrom	1561	UstPraw.txt	okrom
24	okrom	1561	UstPraw.txt	okrom
25	okrom	1561	UstPraw.txt	okrom
26	okrom	1561	UstPraw.txt	okrom
27	okrom	1561	UstPraw.txt	okrom
28	okrom	1561	UstPraw.txt	okrom
29	okrom	1561	UstPraw.txt	okrom
30	okrom	1561	UstPraw.txt	okrom
31	okrom	1561	UstPraw.txt	okrom
32	okrom	1561	UstPraw.txt	okrom
33	okrom	1561	UstPraw.txt	okrom
34	okrom	1561	UstPraw.txt	okrom
35	okrom	1561	UstPraw.txt	okrom
36	okrom	1561	UstPraw.txt	okrom
37	okrom	1561	UstPraw.txt	okrom
38	okrom	1561	UstPraw.txt	okrom
39	okrom	1561	UstPraw.txt	okrom
40	okrom	1561	UstPraw.txt	okrom
41	okrom	1561	UstPraw.txt	okrom
42	okrom	1562	LeszczRzecz.txt	okrom
43	Okrom	1562	WyprKr.txt	okrom
44	okrom	1565	LeovPrzep.txt	okrom
45	okrom	1565	LeovPrzep.txt	okrom
46	okrom	1565	LeovPrzep.txt	okrom
47	okrom	1567	BialKat.txt	okrom
48	okrom	1569	BielSpr.txt	okrom
49	okrom	1569	BielSpr.txt	okrom
50	okrom	1569	BielSpr.txt	okrom
51	okrom	1569	BielSpr.txt	okrom
52	okrom	1569	BielSpr.txt	okrom
53	okrom	1569	BielSpr.txt	okrom
54	okrom	1569	BielSpr.txt	okrom
55	okrom	1569	BielSpr.txt	okrom
56	okrom	1569	BielSpr.txt	okrom
57	okrom	1569	BielSpr.txt	okrom
58	okrom	1570	Postepek.txt	okrom
59	okrom	1570	Postepek.txt	okrom
60	okrom	1570	Postepek.txt	okrom
61	okrom	1570	Postepek.txt	okrom
62	okrom	1570	WujJud.txt	okrom
63	okrom	1570	WujJud.txt	okrom
64	okrom	1570	WujJud.txt	okrom
65	okrom	1570	WujJud.txt	okrom
66	okrom	1570	WujJud.txt	okrom
67	okrom	1570	WujJud.txt	okrom
68	okrom	1570	WujJud.txt	okrom
69	okrom	1570	WujJud.txt	okrom
70	okrom	1570	WujJud.txt	okrom
71	okrom	1570	WujJud.txt	okrom
72	okrom	1570	WujJud.txt	okrom
73	okrom	1570	WujJud.txt	okrom
74	okrom	1570	WujJud.txt	okrom
75	okrom	1570	WujJud1.txt	okrom
76	okrom	1570	WujJud1.txt	okrom
77	okrom	1570	WujJud1.txt	okrom
78	okrom	1570	WujJud1.txt	okrom
79	okrom	1570	WujJud1.txt	okrom
80	okrom	1570	WujJud1.txt	okrom
81	okrom	1570	WujJud1.txt	okrom
82	okrom	1570	WujJud2.txt	okrom
83	okrom	1570	WujJud2.txt	okrom
84	okrom	1570	WujJud2.txt	okrom
85	okrom	1570	WujJud2.txt	okrom
86	okrom	1570	WujJud2.txt	okrom
87	okrom	1570	WujJud2.txt	okrom
88	okrom	1571	RejPosWstaw.txt	okrom
89	okrom	1578	Oczko.txt	okrom
90	okrom	1583	NiemObr.txt	okrom
91	okrom	1583	NiemObr.txt	okrom
92	okrom	1583	NiemObr.txt	okrom
93	okrom	1584	KochFr.txt	okrom
94	okrom	1585	ReszPrz.txt	okrom
95	okrom	1585	ReszPrz.txt	okrom
96	okrom	1585	ReszPrz.txt	okrom
97	okrom	1585	ReszPrz.txt	okrom
98	okrom	1585	ReszPrz.txt	okrom
99	okrom	1585	ReszPrz.txt	okrom
100	okrom	1585	WerKaz.txt	okrom
101	okrom	1585	WerKaz.txt	okrom
102	okrom	1585	WerKaz.txt	okrom
103	Okrom	1588	Calep.txt	okrom
104	okrom	1588	Phil.txt	okrom
105	okrom	1592	LatHar.txt	okrom
106	Okrom	1592	LatHar.txt	okrom
107	okrom	1592	LatHar.txt	okrom
108	okrom	1592	LatHar.txt	okrom
109	okrom	1592	LatHar.txt	okrom
110	okrom	1592	LatHar.txt	okrom
111	okrom	1592	LatHar.txt	okrom
112	okrom	1592	LatHar.txt	okrom
113	okrom	1592	LatHar.txt	okrom
114	okrom	1592	LatHar.txt	okrom
115	okrom	1592	LatHar.txt	okrom
116	okrom	1592	LatHar.txt	okrom
117	okrom	1592	LatHar.txt	okrom
118	okrom	1592	LatHar.txt	okrom
119	okrom	1592	LatHar.txt	okrom
120	okrom	1592	LatHar.txt	okrom
121	Okrom	1592	LatHar.txt	okrom
122	okrom	1592	LatHar.txt	okrom
123	okrom	1592	LatHar.txt	okrom
124	okrom	1592	LatHar.txt	okrom
125	Okrom	1592	LatHar.txt	okrom
126	okrom	1592	LatHar.txt	okrom
127	okrom	1592	LatHar.txt	okrom
128	okrom	1592	LatHar.txt	okrom
129	okrom	1592	LatHar.txt	okrom
130	okrom	1592	LatHar.txt	okrom
131	okrom	1592	LatHar.txt	okrom
132	okrom	1592	LatHar.txt	okrom
133	okrom	1592	LatHar.txt	okrom
134	okrom	1592	LatHar.txt	okrom
135	okrom	1592	LatHar.txt	okrom
136	okrom	1592	LatHar.txt	okrom
137	okrom	1592	LatHar.txt	okrom
138	okrom	1592	LatHar.txt	okrom
139	Okrom	1593	KolakSzczesl.txt	okrom
140	okrom	1595	PowodPr.txt	okrom
141	okrom	1595	PowodPr.txt	okrom
142	okrom	1595	PowodPr.txt	okrom
143	okrom	1597	CzahTr.txt	okrom
144	Okrom	1603	PrzewKos.txt	okrom
145	okrom	1605	MowaZamojCzII.txt	okrom
146	okrom	1606	ReskryptSzlachCzII.txt	okrom
147	okrom	1606	ReskryptSzlachCzII.txt	okrom
148	okrom	1606	ReskryptSzlachCzII.txt	okrom
149	okrom	1606	ReskryptSzlachCzII.txt	okrom
150	okrom	1606	SkarArtykulCzIII.txt	okrom
151	okrom	1606	SposPodCzII.txt	okrom
152	okrom	1606	ZebrzApolCzIII.txt	okrom
153	Okrom	1607	PienHip.txt	okrom
154	okrom	1608	CezWargFranc.txt	okrom
155	okrom	1608	CezWargFranc.txt	okrom
156	okrom	1608	CezWargFranc.txt	okrom
157	Okrom	1608	CezWargFranc.txt	okrom
158	okrom	1608	CezWargFranc.txt	okrom
159	okrom	1608	CezWargFranc.txt	okrom
160	okrom	1608	CezWargFranc.txt	okrom
161	okrom	1608	CezWargFranc.txt	okrom
162	okrom	1608	CezWargFranc.txt	okrom
163	okrom	1608	CezWargFranc.txt	okrom
164	okrom	1608	CezWargFranc.txt	okrom
165	okrom	1608	CezWargFranc.txt	okrom
166	okrom	1608	CezWargFranc.txt	okrom
167	okrom	1608	CezWargFranc.txt	okrom
168	okrom	1608	CezWargFranc.txt	okrom
169	okrom	1608	CezWargFranc.txt	okrom
170	okrom	1608	CezWargFranc.txt	okrom
171	okrom	1608	CezWargFranc.txt	okrom
172	okrom	1610	BreyWargPereg.txt	okrom
173	okrom	1610	BreyWargPereg.txt	okrom
174	okrom	1610	BreyWargPereg.txt	okrom
175	okrom	1610	BreyWargPereg.txt	okrom
176	okrom	1610	BreyWargPereg.txt	okrom
177	okrom	1610	BreyWargPereg.txt	okrom
178	okrom	1610	BreyWargPereg.txt	okrom
179	okrom	1610	BreyWargPereg.txt	okrom
180	okrom	1610	BreyWargPereg.txt	okrom
181	okrom	1610	BreyWargPereg.txt	okrom
182	okrom	1610	JudCerem.txt	okrom
183	Okrom	1610	SmotLam.txt	okrom
184	okrom	1610	SmotLam.txt	okrom
185	Okrom	1611	SynMinKontr.txt	okrom
186	okrom	1612	SkarMes.xml	okrom
187	okrom	1613	SyrZiel.txt	okrom
188	okrom	1613	SyrZiel.txt	okrom
189	okrom	1613	SyrZiel.txt	okrom
190	okrom	1613	SyrZiel.txt	okrom
191	okrom	1613	SyrZiel.txt	okrom
192	okrom	1613	SyrZiel.txt	okrom
193	okrom	1613	SyrZiel.txt	okrom
194	okrom	1613	SyrZiel.txt	okrom
195	okrom	1613	SyrZiel.txt	okrom
196	okrom	1613	SyrZiel.txt	okrom
197	okrom	1613	SyrZiel.txt	okrom
198	okrom	1613	SyrZiel.txt	okrom
199	okrom	1613	SyrZiel.txt	okrom
200	okrom	1613	SyrZiel.txt	okrom
201	okrom	1613	SyrZiel.txt	okrom
202	okrom	1613	SyrZiel.txt	okrom
203	okrom	1613	SyrZiel.txt	okrom
204	okrom	1613	SyrZiel.txt	okrom
205	okrom	1613	SyrZiel.txt	okrom
206	okrom	1613	SyrZiel.txt	okrom
207	okrom	1613	SyrZiel.txt	okrom
208	okrom	1613	SyrZiel.txt	okrom
209	okrom	1613	SyrZiel.txt	okrom
210	okrom	1613	SyrZiel.txt	okrom
211	okrom	1613	SyrZiel.txt	okrom
212	okrom	1613	SyrZiel.txt	okrom
213	okrom	1613	SyrZiel.txt	okrom
214	okrom	1613	SyrZiel.txt	okrom
215	okrom	1613	SyrZiel.txt	okrom
216	okrom	1613	SyrZiel.txt	okrom
217	okrom	1613	SyrZiel.txt	okrom
218	okrom	1613	SyrZiel.txt	okrom
219	Okrom	1613	SyrZiel.txt	okrom
220	okrom	1613	SyrZiel.txt	okrom
221	okrom	1614	BudnyBPow.txt	okrom
222	okrom	1614	BudnyBPow.txt	okrom
223	okrom	1617	CzyzAlf.txt	okrom
224	okrom	1617	CzyzAlf.txt	okrom
225	okrom	1617	CzyzAlf.txt	okrom
226	okrom	1617	CzyzAlf.txt	okrom
227	okrom	1617	CzyzAlf.txt	okrom
228	okrom	1618	TasKochGoff.txt	okrom
229	okrom	1618	TasKochGoff.txt	okrom
230	okrom	1618	TasKochGoff.txt	okrom
231	okrom	1618	ZedzKom.txt	okrom
232	okrom	1619	BemKom.txt	okrom
233	okrom	1619	BemKom.txt	okrom
234	okrom	1619	BemKom.txt	okrom
235	okrom	1619	BemKom.txt	okrom
236	okrom	1619	ErZrzenAnKontr.txt	okrom
237	okrom	1620	ArKochOrlCzI.txt	okrom
238	Okrom	1620	ArKochOrlCzI.txt	okrom
239	okrom	1620	ArKochOrlCzI.txt	okrom
240	Okrom	1620	ArKochOrlCzI.txt	okrom
241	okrom	1620	ArKochOrlCzI.txt	okrom
242	Okrom	1620	ArKochOrlCzI.txt	okrom
243	Okrom	1620	ArKochOrlCzI.txt	okrom
244	Okrom	1620	ArKochOrlCzI.txt	okrom
245	Okrom	1620	ArKochOrlCzI.txt	okrom
246	okrom	1620	ArKochOrlCzI.txt	okrom
247	okrom	1620	ArKochOrlCzI.txt	okrom
248	Okrom	1620	ArKochOrlCzI.txt	okrom
249	Okrom	1620	ArKochOrlCzI.txt	okrom
250	okrom	1620	ArKochOrlCzII.txt	okrom
251	okrom	1620	ArKochOrlCzII.txt	okrom
252	okrom	1620	ArKochOrlCzII.txt	okrom
253	okrom	1620	ArKochOrlCzII.txt	okrom
254	Okrom	1620	ArKochOrlCzII.txt	okrom
255	Okrom	1620	ArKochOrlCzII.txt	okrom
256	okrom	1620	ArKochOrlCzII.txt	okrom
257	okrom	1620	ArKochOrlCzII.txt	okrom
258	okrom	1620	ArKochOrlCzII.txt	okrom
259	okrom	1620	ArKochOrlCzII.txt	okrom
260	Okrom	1620	ArKochOrlCzII.txt	okrom
261	Okrom	1620	ArKochOrlCzII.txt	okrom
262	okrom	1620	ArKochOrlCzII.txt	okrom
263	okrom	1620	ArKochOrlCzII.txt	okrom
264	Okrom	1620	ArKochOrlCzII.txt	okrom
265	okrom	1620	ArKochOrlCzII.txt	okrom
266	okrom	1620	ArKochOrlCzII.txt	okrom
267	okrom	1620	ArKochOrlCzII.txt	okrom
268	okrom	1620	ArKochOrlCzIII.txt	okrom
269	okrom	1620	ZrzenNowiny.txt	okrom
270	Okrom	1620	ZrzenNowiny.txt	okrom
271	okrom	1620	ZrzenNowiny.txt	okrom
272	okrom	1620	ZrzenNowiny.txt	okrom
273	Okrom	1621	JagDworz.txt	okrom
274	okrom	1621	ZbigAdw.txt	okrom
275	okrom	1626	KoniecSDzial.txt	okrom
276	okrom	1626	KoniecSDzial.txt	okrom
277	okrom	1626	KoniecSDzial.txt	okrom
278	okrom	1626	KoniecSDzial.txt	okrom
279	okrom	1626	KoniecSDzial.txt	okrom
280	okrom	1626	KoniecSDzial.txt	okrom
281	okrom	1627	KoniecSSud.txt	okrom
282	okrom	1627	SzemGrat.txt	okrom
283	okrom	1627	SzemGrat.txt	okrom
284	okrom	1627	SzemGrat.txt	okrom
285	okrom	1632	BG_Lb.txt	okrom
286	okrom	1632	BG_Lb.txt	okrom
287	okrom	1632	BG_Lb.txt	okrom
288	okrom	1632	BG_Lb.txt	okrom
289	okrom	1632	BG_Lb.txt	okrom
290	Okrom	1632	BG_Rdz.txt	okrom
291	okrom	1632	BG_Rdz.txt	okrom
292	okrom	1632	BG_Rdz.txt	okrom
293	okrom	1632	BG_Wj.txt	okrom
294	okrom	1634	StarWyp.txt	okrom
295	okrom	1636	OvZebrMet.txt	okrom
296	okrom	1636	OvZebrMet.txt	okrom
297	okrom	1636	OvZebrMet.txt	okrom
298	okrom	1636	OvZebrMet.txt	okrom
299	okrom	1636	OvZebrMet.txt	okrom
300	okrom	1636	OvZebrMet.txt	okrom
301	Okrom	1643	JarzGosc.txt	okrom
302	Okrom	1643	JarzGosc.txt	okrom
303	okrom	1643	NowPow.txt	okrom
304	okrom	1643	NowPow.txt	okrom
305	okrom	1644	OkolNiebo.txt	okrom
306	okrom	1647	GorMuz.txt	okrom
307	okrom	1647	GorMuz.txt	okrom
308	okrom	1650	PruszczKlejn.txt	okrom
309	okrom	1650	PruszczKlejn.txt	okrom
310	okrom	1650	PrzetockiSzkaplerzna.txt	okrom
311	okrom	1650	PrzetockiSzkaplerzna.txt	okrom
312	okrom	1650	PrzetockiSzkaplerzna.txt	okrom
313	okrom	1651	AnzObjWas.txt	okrom
314	okrom	1654	MorszAUtwKuk.xml	okrom
315	okrom	1659	FredPrzysl.txt	okrom
316	okrom	1659	OdymWZalKoniec.txt	okrom
317	okrom	1659	OdymWZalKoniec.txt	okrom
318	okrom	1660	FredPiech.txt	okrom
319	okrom	1661	MerkPol.xml	okrom
320	okrom	1661	MerkPol.xml	okrom
321	okrom	1661	MerkPol.xml	okrom
322	Okrom	1661	MerkPol.xml	okrom
323	Okrom	1661	MerkPol.xml	okrom
324	okrom	1664	FurUwaz.xml	okrom
325	okrom	1665	DruzbDroga.txt	okrom
326	okrom	1665	DruzbDroga.txt	okrom
327	okrom	1665	DruzbDroga.txt	okrom
328	okrom	1665	DruzbDroga.txt	okrom
329	okrom	1665	DruzbDroga.txt	okrom
330	okrom	1665	DruzbDroga.txt	okrom
331	Okrom	1668	KochBerTur.txt	okrom
332	okrom	1669	PotFrasz4Kuk_I.xml	okrom
333	okrom	1669	PotFrasz4Kuk_I.xml	okrom
334	Okrom	1669	PotFrasz4Kuk_I.xml	okrom
335	okrom	1669	PotFrasz4Kuk_I.xml	okrom
336	Okrom	1669	PotFrasz4Kuk_I.xml	okrom
337	okrom	1669	PotFrasz4Kuk_I.xml	okrom
338	Okrom	1670	PotWoj.txt	okrom
339	okrom	1670	PotWoj.txt	okrom
340	Okrom	1670	PotWoj.txt	okrom
341	Okrom	1670	PotWoj.txt	okrom
342	Okrom	1670	PotWoj.txt	okrom
343	okrom	1670	PotWoj.txt	okrom
344	okrom	1670	PotWoj.txt	okrom
345	okrom	1670	PotWoj.txt	okrom
346	Okrom	1670	PotWoj.txt	okrom
347	okrom	1670	PotWoj.txt	okrom
348	Okrom	1670	PotWoj.txt	okrom
349	okrom	1670	PotWoj.txt	okrom
350	okrom	1670	PotWoj.txt	okrom
351	okrom	1670	PotWoj.txt	okrom
352	Okrom	1670	PotWoj.txt	okrom
353	okrom	1673	HugLacPrag.xml	okrom
354	okrom	1675	FredKon.txt	okrom
355	okrom	1675	FredKon.txt	okrom
356	okrom	1675	FredKon.txt	okrom
357	okrom	1675	FredKon.txt	okrom
358	okrom	1675	FredKon.txt	okrom
359	okrom	1675	FredKon.txt	okrom
360	okrom	1675	FredKon.txt	okrom
361	okrom	1675	FredKon.txt	okrom
362	okrom	1675	FredKon.txt	okrom
363	okrom	1675	FredKon.txt	okrom
364	okrom	1675	FredKon.txt	okrom
365	okrom	1675	FredKon.txt	okrom
366	okrom	1675	FredKon.txt	okrom
367	okrom	1675	FredKon.txt	okrom
368	okrom	1675	HaurEk.txt	okrom
369	okrom	1675	HaurEk.txt	okrom
370	okrom	1676	PotMuzaKarp.txt	okrom
371	okrom	1677	CzartListy.txt	okrom
372	okrom	1677	PotFrasz1Kuk_II.xml	okrom
373	okrom	1677	PotFrasz1Kuk_II.xml	okrom
374	okrom	1677	PotFrasz1Kuk_II.xml	okrom
375	okrom	1677	PotFrasz1Kuk_II.xml	okrom
376	okrom	1677	PotFrasz2Kuk_II.xml	okrom
377	okrom	1677	PotFrasz2Kuk_II.xml	okrom
378	okrom	1677	PotFrasz2Kuk_II.xml	okrom
379	okrom	1677	PotFrasz2Kuk_II.xml	okrom
380	Okrom	1677	PotFrasz2Kuk_II.xml	okrom
381	okrom	1677	PotFrasz2Kuk_II.xml	okrom
382	okrom	1677	PotFrasz2Kuk_II.xml	okrom
383	okrom	1677	PotFrasz2Kuk_II.xml	okrom
384	okrom	1677	PotFrasz2Kuk_II.xml	okrom
385	okrom	1677	PotFrasz2Kuk_II.xml	okrom
386	okrom	1677	PotFrasz3Kuk_II.xml	okrom
387	okrom	1677	PotFrasz3Kuk_II.xml	okrom
388	okrom	1677	PotFrasz3Kuk_II.xml	okrom
389	Okrom	1677	PotFrasz3Kuk_II.xml	okrom
390	Okrom	1677	PotZabKuk_II.xml	okrom
391	Okrom	1677	PotZabKuk_II.xml	okrom
392	okrom	1678	RicKlokMon.txt	okrom
393	okrom	1678	RicKlokMon.txt	okrom
394	Okrom	1678	RicKlokMon.txt	okrom
395	Okrom	1678	RicKlokMon.txt	okrom
396	okrom	1678	RicKlokMon.txt	okrom
397	okrom	1680	InsGor.txt	okrom
398	okrom	1680	InsGor.txt	okrom
399	okrom	1680	InsGor.txt	okrom
400	okrom	1680	InsGor.txt	okrom
401	okrom	1680	MorszZEmbWyb.xml	okrom
402	okrom	1680	MorszZEmbWyb.xml	okrom
403	Okrom	1680	MorszZWybor.xml	okrom
404	okrom	1681	MlodzKaz.xml	okrom
405	Okrom	1681	MlodzKaz.xml	okrom
406	okrom	1681	MlodzKaz.xml	okrom
407	okrom	1681	MlodzKaz.xml	okrom
408	okrom	1681	MlodzKaz.xml	okrom
409	okrom	1681	MlodzKaz.xml	okrom
410	okrom	1682	KoniecSTest.txt	okrom
411	okrom	1683	GalAlk.xml	okrom
412	okrom	1683	GalAlk.xml	okrom
413	okrom	1683	KsKomUl.xml	okrom
414	Okrom	1688	DamKuligKrol.txt	okrom
415	okrom	1688	DamKuligKrol.txt	okrom
416	okrom	1688	PotMorKuk_III.xml	okrom
417	okrom	1688	PotMorKuk_III.xml	okrom
418	okrom	1688	PotMorKuk_III.xml	okrom
419	okrom	1688	PotMorKuk_III.xml	okrom
420	okrom	1688	PotMorKuk_III.xml	okrom
421	Okrom	1688	PotMorKuk_III.xml	okrom
422	okrom	1688	PotMorKuk_III.xml	okrom
423	okrom	1688	PotMorKuk_III.xml	okrom
424	Okrom	1688	PotMorKuk_III.xml	okrom
425	okrom	1688	PotMorKuk_III.xml	okrom
426	Okrom	1693	ChrosKon.txt	okrom
427	okrom	1693	ChrosKon.txt	okrom
428	okrom	1693	ChrosKon.txt	okrom
429	okrom	1693	ChrosKon.txt	okrom
430	Okrom	1693	ChrosKon.txt	okrom
431	okrom	1694	BesKuligHer.xml	okrom
432	okrom	1694	BesKuligHer.xml	okrom
433	okrom	1695	OvChrosRoz.txt	okrom
434	okrom	1695	OvChrosRoz.txt	okrom
435	okrom	1695	OvChrosRoz.txt	okrom
436	okrom	1696	InwWilan.xml	okrom
437	okrom	1696	InwWilan.xml	okrom
438	okrom	1696	PotPoczKuk_III.xml	okrom
439	okrom	1696	PotPoczKuk_III.xml	okrom
440	okrom	1696	PotPoczKuk_III.xml	okrom
441	okrom	1696	PotPoczKuk_III.xml	okrom
442	okrom	1696	SarPam.xml	okrom
443	okrom	1696	SarPam.xml	okrom
444	okrom	1696	SarPam.xml	okrom
445	okrom	1696	SarPam.xml	okrom
446	okrom	1696	SarPam.xml	okrom
447	okrom	1696	SarPam.xml	okrom
448	okrom	1696	SarPam.xml	okrom
449	okrom	1696	SarPam.xml	okrom
450	okrom	1696	SarPam.xml	okrom
451	okrom	1696	SarPam.xml	okrom
452	okrom	1696	SarPam.xml	okrom
453	okrom	1699	KsKasUll_2.xml	okrom
454	okrom	1699	KsKasUll_2.xml	okrom
455	okrom	1699	KsKrowUl_2.xml	okrom
456	okrom	1699	PotNagKuk_I.xml	okrom
457	okrom	1701	TwarSPas.xml	okrom
458	okrom	1702	ListSamRzecz.xml	okrom
459	okrom	1702	LubSPir.xml	okrom
460	okrom	1705	ChrosJob.txt	okrom
461	okrom	1705	SamTrakt.xml	okrom
462	okrom	1705	SamTrakt.xml	okrom
463	okrom	1707	RuchZolkGeb.xml	okrom
464	okrom	1717	DyakDiar.xml	okrom
465	okrom	1717	ZawiszaPam.xml	okrom
466	okrom	1718	PoczKrol.xml	okrom
467	okrom	1731	Juniewicz.txt	okrom
468	Okrom	1738	NiesKor_II.txt	okrom
469	okrom	1738	NiesKor_II.txt	okrom
470	okrom	1739	KonstLubLit.xml	okrom
471	Okrom	1740	LubSwiat.xml	okrom
472	okrom	1743	RadzKwest.xml	okrom
473	okrom	1746	JawJon.xml	okrom
474	okrom	1749	ZdzanElem.xml	okrom
475	okrom	1762	KsKlim.xml	okrom
476	okrom	1762	KsKlim.xml	okrom
477	okrom	1762	KsKlim.xml	okrom
478	okrom	1762	KsKlim.xml	okrom
479	okrom	1762	KsKlim.xml	okrom
480	okrom	1762	KsKlim.xml	okrom
481	okrom	1765	MatDiar.xml	okrom
482	okrom	1769	CoqMinNic.txt	okrom
483	okrom	1769	KryszStat.xml	okrom
484	okrom	1775	InwKal_II.xml	okrom
485	okrom	1775	InwKal_II.xml	okrom
486	okrom	1775	InwKal_II.xml	okrom
487	okrom	1775	InwKal_II.xml	okrom
488	okrom	1775	InwKal_II.xml	okrom
489	okrom	1781	ZablockiFircyk.txt	okrom
490	okrom	1839	RzewuskiPamiatki.txt	okrom
491	okrom	1839	RzewuskiPamiatki.txt	okrom
492	okrom	1839	RzewuskiPamiatki.txt	okrom
493	okrom	1898	5.1_sample.txt	okrom
